Id,First name,Last name,Email,Gender,Phone,Date of birth,Job title
1,Titus,Revie,,Bigender,684-740-4549,12/31/1990,Occupational Therapist
2,Farris,Bruhn,fbruhn1@timesonline.co.uk,Male,929-822-6421,4/25/1992,Librarian
3,Candice,Gillman,cgillman2@elpais.com,Agender,193-213-8062,2/11/1992,Senior Financial Analyst
4,Cullan,Dymoke,cdymoke3@lycos.com,Male,225-441-4016,3/18/1992,General Manager
5,Rochell,Woodeson,rwoodeson4@techcrunch.com,Female,,6/3/1998,Assistant Media Planner
6,Patrice,,pblunderfield5@mashable.com,Male,608-651-4122,12/17/1999,Budget/Accounting Analyst III
7,Maxi,Labbey,mlabbey6@dot.gov,Female,333-990-3940,3/23/1995,Web Developer IV
8,Lorraine,Vollam,lvollam7@scientificamerican.com,Female,941-720-6239,4/24/1998,Human Resources Manager
9,Ally,Billie,abillie8@indiegogo.com,Female,210-718-8530,5/9/1998,Dental Hygienist
10,Grazia,Schulze,gschulze9@nih.gov,Female,963-171-7266,11/18/1999,Technical Writer
11,Tanya,Armatage,,Female,499-529-3008,12/13/1996,Payment Adjustment Coordinator
12,Terrell,Collcott,tcollcottb@google.nl,Agender,278-807-8809,8/24/1991,
13,Jany,Rapps,jrappsc@time.com,Female,138-326-0763,7/6/1991,Associate Professor
14,Michelle,Rodrig,mrodrigd@flickr.com,,,5/26/1998,Product Engineer
15,Alisa,,awhiffene@vimeo.com,Female,374-143-8064,7/31/1993,Programmer Analyst IV
16,Archer,Dog,adogf@wikimedia.org,Non-binary,937-967-9443,6/22/1995,Assistant Media Planner
17,Whitney,Sobczak,wsobczakg@admin.ch,Female,720-664-1486,11/3/1996,
18,Ingaberg,Erangy,ierangyh@google.fr,Female,414-224-4417,3/24/1991,Human Resources Manager
19,Doretta,Jefferys,djefferysi@free.fr,Female,198-139-8785,6/1/1994,Research Nurse
20,Paco,Riditch,priditchj@ocn.ne.jp,Male,354-156-1967,9/12/1999,Quality Control Specialist
21,Becky,Boatswain,bboatswaink@bizjournals.com,Female,879-272-6420,11/27/1991,Senior Cost Accountant
22,,Klampk,kklampkl@addthis.com,Female,623-432-9231,11/12/1998,Senior Cost Accountant
23,Jard,Hamblington,jhamblingtonm@howstuffworks.com,Male,232-154-0734,12/23/1993,Help Desk Operator
24,Sanson,Binning,sbinningn@skyrock.com,Male,911-357-7101,2/8/1995,Research Assistant II
25,Inness,Lauridsen,ilauridseno@moonfruit.com,Genderfluid,149-745-6019,8/12/1998,Account Coordinator
26,,Fennell,mfennellp@japanpost.jp,Female,,3/2/1995,Environmental Specialist
27,Bruce,Ballaam,,Male,504-365-6484,2/13/1996,Geologist IV
28,,O'Kennedy,tokennedyr@nifty.com,Female,162-140-6650,5/2/1997,Registered Nurse
29,Tisha,Steinor,tsteinors@xinhuanet.com,Female,465-753-3276,5/9/1995,Pharmacist
30,Norris,Sames,nsamest@utexas.edu,Male,479-325-9146,3/20/1992,Editor
31,Nollie,Aspall,naspallu@hubpages.com,Male,309-113-3651,1/9/1991,Administrative Officer
32,Crystal,Roycroft,croycroftv@dropbox.com,,275-752-5591,2/6/1995,Associate Professor
33,Tailor,Clemanceau,tclemanceauw@pagesperso-orange.fr,Male,266-358-3392,10/29/1994,GIS Technical Architect
34,Denys,Ginley,dginleyx@ca.gov,Male,727-918-8726,1/11/1994,Assistant Manager
35,Antonio,Kesteven,akesteveny@abc.net.au,Male,493-934-8549,2/13/2000,Administrative Assistant III
36,Marion,Skrines,,Male,669-646-7101,12/1/1998,Office Assistant II
37,,Carder,mcarder10@nydailynews.com,Male,413-816-8583,11/18/1996,
38,Tracie,Carefull,tcarefull11@cnbc.com,Male,599-212-9098,3/1/2000,Senior Developer
39,Aleece,Stuer,astuer12@google.co.jp,Female,292-316-2923,12/18/1997,Occupational Therapist
40,Gerti,Firbank,gfirbank13@dell.com,Female,224-937-5710,8/25/1994,Payment Adjustment Coordinator
41,Shelly,Leifer,sleifer14@over-blog.com,Female,331-543-9627,2/4/1998,Product Engineer
42,Henri,Shephard,hshephard15@thetimes.co.uk,Male,750-922-4025,12/9/1997,Human Resources Assistant III
43,Nealon,Kobes,nkobes16@umich.edu,Male,156-266-2444,4/7/2000,Professor
44,Estelle,,eslaney17@wiley.com,Female,870-594-2820,5/22/1992,Software Test Engineer III
45,Atlante,De Goey,adegoey18@thetimes.co.uk,Bigender,656-909-0124,3/4/1996,Technical Writer
46,,Treby,wtreby19@biblegateway.com,Male,355-564-1561,12/7/1991,Legal Assistant
47,Brocky,O'Farrell,bofarrell1a@chron.com,Male,930-957-2034,3/11/1996,Recruiter
48,Donn,Baines,dbaines1b@github.io,Male,778-186-7194,5/11/1994,Product Engineer
49,Ernie,Waddell,ewaddell1c@yandex.ru,Male,840-403-4687,2/13/1994,Food Chemist
50,Mordy,Foltin,mfoltin1d@is.gd,Male,186-851-6175,10/8/1990,Financial Advisor
51,Alister,Kinnerley,akinnerley1e@sitemeter.com,Male,566-301-3012,3/20/1998,Chief Design Engineer
52,Egor,Doidge,edoidge1f@netvibes.com,Male,,6/14/1999,
53,Maryl,Fellgate,mfellgate1g@youtu.be,Female,962-416-8742,1/3/1994,Quality Engineer
54,Sheeree,MacConnechie,smacconnechie1h@dropbox.com,,269-927-0696,6/6/1992,General Manager
55,Nadean,Aisthorpe,naisthorpe1i@imdb.com,,416-375-2362,7/31/1998,Physical Therapy Assistant
56,Clifford,Weal,,Male,785-205-3061,2/10/1996,Statistician II
57,Devland,Mitchall,dmitchall1k@xinhuanet.com,Agender,769-342-1590,2/28/1997,Media Manager I
58,Hilarius,Mapp,hmapp1l@dailymotion.com,Male,320-123-4008,11/28/1995,Assistant Professor
59,Skylar,Brisset,sbrisset1m@deviantart.com,Male,611-180-0864,7/31/1995,Budget/Accounting Analyst I
60,Joseito,Alcorn,jalcorn1n@hc360.com,,978-677-6780,,Teacher
61,Guy,Gever,ggever1o@msu.edu,Male,923-659-9169,3/30/1992,Information Systems Manager
62,Brady,Gallie,bgallie1p@youtube.com,Male,312-888-6388,6/29/1994,Speech Pathologist
63,Clara,Pharoah,cpharoah1q@drupal.org,Female,510-784-6118,12/13/1994,Senior Cost Accountant
64,Lorelle,Espadas,lespadas1r@hostgator.com,Female,619-386-0751,1/28/1998,Developer I
65,Vanni,Lawrenceson,vlawrenceson1s@bloglines.com,Female,414-983-6030,12/30/1990,Registered Nurse
66,Devora,Kings,dkings1t@dell.com,Female,717-914-1600,12/7/1997,Computer Systems Analyst I
67,Mikel,Gantzman,mgantzman1u@oracle.com,Male,384-408-7673,3/11/1999,Geological Engineer
68,Wally,Knightly,wknightly1v@yahoo.co.jp,Male,400-705-3959,4/8/2000,
69,Gretchen,Goldfinch,ggoldfinch1w@bloglovin.com,Female,920-388-2607,10/8/1996,Senior Sales Associate
70,Bendite,Londors,blondors1x@canalblog.com,Genderfluid,139-620-1169,9/21/1995,Computer Systems Analyst II
71,Liz,Kyneton,lkyneton1y@ning.com,Female,320-912-1162,1/19/1992,Health Coach IV
72,Eduino,McCullock,emccullock1z@fc2.com,Polygender,667-920-8723,,Budget/Accounting Analyst II
73,Isaac,Hadenton,ihadenton20@google.com.hk,Genderqueer,146-465-4748,6/25/1992,Clinical Specialist
74,Alexei,Kinner,akinner21@dagondesign.com,Male,910-919-4824,7/1/1995,Desktop Support Technician
75,Evered,Skipperbottom,eskipperbottom22@berkeley.edu,Genderqueer,304-695-9741,3/27/1997,Account Coordinator
76,Reed,Koschke,rkoschke23@vkontakte.ru,Male,957-808-8212,6/26/1998,Quality Engineer
77,Artemis,Elen,aelen24@usatoday.com,Male,718-926-1728,12/22/1991,Programmer Analyst I
78,Tripp,Kennerknecht,tkennerknecht25@noaa.gov,Male,387-258-3953,3/13/1996,Tax Accountant
79,Kilian,Dignon,kdignon26@surveymonkey.com,Male,317-223-7133,2/12/1992,Project Manager
80,Heida,Cluatt,hcluatt27@netscape.com,Female,554-868-1449,5/26/1998,VP Sales
81,Lacie,Timpany,ltimpany28@nyu.edu,Female,651-723-5042,9/26/1997,
82,Averil,Cockland,acockland29@prweb.com,Male,,2/8/1994,Programmer Analyst IV
83,Ira,Medway,imedway2a@biblegateway.com,Female,596-595-9375,7/31/1995,Developer II
84,Pepillo,Nobriga,pnobriga2b@slate.com,Male,637-781-8695,7/10/1995,Recruiter
85,Layne,MacAnelley,lmacanelley2c@icio.us,Female,553-870-6199,7/18/1995,Software Test Engineer III
86,Glori,Flexman,gflexman2d@twitter.com,Female,492-575-2601,3/9/1992,Automation Specialist II
87,Jerrome,Chaves,jchaves2e@technorati.com,Male,988-215-1525,,Junior Executive
88,Nye,Alcido,,Male,911-398-6221,11/9/1990,Graphic Designer
89,Gabrielle,Hendrickx,ghendrickx2g@businessweek.com,Female,558-492-5301,8/1/2000,Web Designer III
90,Carolann,Colegate,ccolegate2h@google.co.uk,,494-934-9838,10/22/1990,Payment Adjustment Coordinator
91,Kevin,Common,kcommon2i@macromedia.com,Male,297-841-2415,11/25/1990,Technical Writer
92,Laurie,Moules,lmoules2j@sciencedirect.com,Female,101-985-3755,6/26/1997,Senior Financial Analyst
93,Quinn,Rachuig,qrachuig2k@acquirethisname.com,Male,291-751-3632,1/24/2000,Web Designer I
94,Vonnie,Taaffe,vtaaffe2l@altervista.org,Female,823-327-4176,7/28/1991,Cost Accountant
95,Roddy,Norquoy,rnorquoy2m@example.com,Male,109-688-5024,2/15/1996,
96,Elonore,Speares,espeares2n@alibaba.com,Female,,1/16/1999,Account Executive
97,Olivier,Sheran,osheran2o@phpbb.com,Male,156-164-5735,6/7/1991,Physical Therapy Assistant
98,Marji,Antonelli,mantonelli2p@columbia.edu,Female,708-510-0911,,Chemical Engineer
99,Kacey,Pitney,kpitney2q@craigslist.org,Female,229-688-0271,9/16/1998,Safety Technician II
100,Chantal,Clover,cclover2r@163.com,Female,652-236-3054,2/3/1993,Dental Hygienist
